{
    "high": 0.6476073980331422,
    "medium": 0.5331352114677429
  }
